# Host: localhost  (Version: 5.7.16-log)
# Date: 2017-03-11 15:53:45
# Generator: MySQL-Front 5.3  (Build 4.234)

/*!40101 SET NAMES utf8 */;

#
# Structure for table "accountingsubject"
#

CREATE TABLE `accountingsubject` (
  `id` int(11) NOT NULL AUTO_INCREMENT,
  `dc` tinyint(1) DEFAULT '1',
  `name` varchar(16) DEFAULT NULL,
  `pid` int(11) DEFAULT '0',
  `status` tinyint(1) DEFAULT '1',
  `type` varchar(2) DEFAULT NULL,
  `balance` tinyint(1) DEFAULT '0',
  PRIMARY KEY (`id`)
) ENGINE=InnoDB AUTO_INCREMENT=222100111 DEFAULT CHARSET=utf8;

#
# Data for table "accountingsubject"
#

INSERT INTO `accountingsubject` VALUES (1001,0,'库存现金',0,1,'资产',0),(1002,0,'银行存款',0,1,'资产',0),(1012,0,'其他货币资金',0,1,'资产',0),(1101,0,'短期投资',1101,1,'资产',0),(1121,0,'应收票据',0,1,'资产',0),(1122,0,'应收账款',0,1,'资产',0),(1123,0,'预付账款',0,1,'资产',0),(1131,0,'应收股利',0,1,'资产',0),(1132,0,'应收利息',0,1,'资产',0),(1221,0,'其他应收款',0,1,'资产',0),(1401,0,'材料采购',0,1,'资产',0),(1402,0,'在途物资',0,1,'资产',0),(1403,0,'原材料',0,1,'资产',0),(1404,0,'材料成本差异',0,1,'资产',0),(1405,0,'库存商品',0,1,'资产',0),(1407,1,'商品进销差价',0,1,'资产',0),(1408,0,'委托加工物资',0,1,'资产',0),(1411,0,'周转材料',0,1,'资产',0),(1421,0,'消耗性生物资产',0,1,'资产',0),(1501,0,'长期债券投资',0,1,'资产',0),(1511,0,'长期股权投资',0,1,'资产',0),(1601,0,'固定资产',0,1,'资产',0),(1602,1,'累计折旧',0,1,'资产',0),(1604,0,'在建工程',0,1,'资产',0),(1605,0,'工程物资',0,1,'资产',0),(1606,0,'固定资产清理',0,1,'资产',0),(1621,0,'生产性生物资产',0,1,'资产',0),(1622,1,'生产性生物资产累计折旧',0,1,'资产',0),(1701,0,'无形资产',0,1,'资产',0),(1702,1,'累计摊销',0,1,'资产',0),(1801,0,'长期待摊费用',0,1,'资产',0),(1901,0,'待处理财产损溢',0,1,'资产',0),(2001,1,'短期借款',0,1,'负债',0),(2201,1,'应付票据',0,1,'负债',0),(2202,1,'应付账款',0,1,'负债',0),(2203,1,'预收账款',0,1,'负债',0),(2211,1,'应付职工薪酬',0,1,'负债',0),(2221,1,'应交税费',0,1,'负债',0),(2231,1,'应付利息',0,1,'负债',0),(2232,1,'应付利润',0,1,'负债',0),(2241,1,'其他应付款',0,1,'负债',0),(2401,1,'递延收益',0,1,'负债',0),(2501,1,'长期借款',0,1,'负债',0),(2701,1,'长期应付款',0,1,'负债',0),(3001,1,'实收资本',0,1,'权益',0),(3002,1,'资本公积',0,1,'权益',0),(3101,1,'盈余公积',0,1,'权益',0),(3103,1,'本年利润',0,1,'权益',0),(3104,1,'利润分配',0,1,'权益',0),(4001,0,'生产成本',0,1,'成本',0),(4101,0,'制造费用',0,1,'成本',0),(4301,0,'研发支出',0,1,'成本',0),(4401,0,'工程施工',0,1,'成本',0),(4403,0,'机械作业',0,1,'成本',0),(5001,1,'主营业务收入',0,1,'损益',0),(5051,1,'其他业务收入',0,1,'损益',0),(5111,1,'投资收益',0,1,'损益',0),(5301,1,'营业外收入',0,1,'损益',0),(5401,0,'主营业务成本',0,1,'损益',0),(5402,0,'其他业务成本',0,1,'损益',0),(5403,0,'税金及附加',0,1,'损益',0),(5601,0,'销售费用',0,1,'损益',0),(5602,0,'管理费用',0,1,'损益',0),(5603,0,'财务费用',0,1,'损益',0),(5711,0,'营业外支出',0,1,'损益',0),(5801,0,'所得税费用',0,1,'损益',0),(1101001,0,'股票',0,0,'资产',0),(1101002,0,'债券',0,0,'资产',0),(1101003,0,'基金',0,0,'资产',0),(2221001,1,'应交增值税',2221,0,'负债',0),(2221002,1,'未交增值税',2221,0,'负债',0),(2221003,1,'应交消费税',2221,0,'负债',0),(2221004,1,'应交营业税',2221,0,'负债',0),(2221005,1,'应交资源税',2221,0,'负债',0),(2221006,1,'应交所得税',2221,0,'负债',0),(2221007,1,'应交土地增值税',2221,0,'负债',0),(2221008,1,'应交城市维护建设税',2221,0,'负债',0),(2221009,1,'应交房产税',2221,0,'负债',0),(2221010,1,'应交城镇土地使用税',2221,0,'负债',0),(2221011,1,'应交车船使用税',2221,0,'负债',0),(2221012,1,'应交个人所得税',2221,0,'负债',0),(2221013,1,'教育费附加',2221,0,'负债',0),(2221014,1,'地方教育费附加',2221,0,'负债',0),(2221015,1,'矿产资源补偿费',2221,0,'负债',0),(2221016,1,'排污费',2221,0,'负债',0),(2221017,1,'印花税',2221,0,'负债',0),(2221018,1,'预交增值税',2221,0,'负债',0),(2221019,1,'待抵扣进项税额',2221,0,'负债',0),(2221020,1,'待认证进项税额',2221,0,'负债',0),(2221021,1,'待转销项税额',2221,0,'负债',0),(2221022,1,'增值税留抵税额',2221,0,'负债',0),(2221023,1,'简易计税',2221,0,'负债',0),(2221024,1,'转让金融商品应交增值税',2221,0,'负债',0),(2221025,1,'代扣代交增值税',2221,0,'负债',0),(3101001,1,'法定盈余公积',3101,0,'权益',0),(3101002,1,'任意盈余公积',3101,0,'权益',0),(3101003,1,'法定公益金',3101,0,'权益',0),(3104001,1,'其他转入',3104,0,'权益',0),(3104002,1,'提取法定盈余公积',3104,0,'权益',0),(3104003,1,'提取法定公益金',3104,0,'权益',0),(3104004,1,'提取任意盈余公积',3104,0,'权益',0),(3104005,1,'应付利润',3104,0,'权益',0),(3104006,1,'未分配利润',3104,0,'权益',0),(5301001,1,'非流动资产处置净收益',5301,0,'损益',0),(5301002,1,'政府补助',5301,0,'损益',0),(5301003,1,'捐赠收益',5301,0,'损益',0),(5301004,1,'盘盈收益',5301,0,'损益',0),(5601001,0,'销售人员职工薪酬',5601,0,'损益',0),(5601002,0,'业务招待费',5601,0,'损益',0),(5601003,0,'修理费',5601,0,'损益',0),(5601004,0,'办公费',5601,0,'损益',0),(5601005,0,'水电费',5601,0,'损益',0),(5601006,0,'差旅费',5601,0,'损益',0),(5601007,0,'折旧费',5601,0,'损益',0),(5601008,0,'摊销费',5601,0,'损益',0),(5601009,0,'展览费',5601,0,'损益',0),(5601010,0,'商品维修费',5601,0,'损益',0),(5601011,0,'运输费',5601,0,'损益',0),(5601012,0,'装卸费',5601,0,'损益',0),(5601013,0,'包装费',5601,0,'损益',0),(5601014,0,'保险费',5601,0,'损益',0),(5601015,0,'广告费',5601,0,'损益',0),(5601016,0,'业务宣传费',5601,0,'损益',0),(5602001,0,'管理人员职工薪酬',5602,0,'损益',0),(5602002,0,'业务招待费',5602,0,'损益',0),(5602003,0,'修理费',5602,0,'损益',0),(5602004,0,'办公费',5602,0,'损益',0),(5602005,0,'水电费',5602,0,'损益',0),(5602006,0,'差旅费',5602,0,'损益',0),(5602007,0,'折旧费',5602,0,'损益',0),(5602008,0,'摊销费',5602,0,'损益',0),(5602009,0,'开办费',5602,0,'损益',0),(5602010,0,'研究费用',5602,0,'损益',0),(5602011,0,'咨询费',5602,0,'损益',0),(5602012,0,'长期待摊费用摊销',5602,0,'损益',0),(5603001,0,'利息费用',5603,0,'损益',0),(5603002,0,'手续费',5603,0,'损益',0),(5603003,0,'汇兑损益',5603,0,'损益',0),(5603004,0,'现金折扣',5603,0,'损益',0),(5711001,0,'非流动资产处置净损失',5711,0,'损益',0),(5711002,0,'赞助支出',5711,0,'损益',0),(5711003,0,'捐赠支出',5711,0,'损益',0),(5711004,0,'盘亏损失',5711,0,'损益',0),(5711005,0,'坏账损失',5711,0,'损益',0),(5711006,0,'存货毁损报废损失',5711,0,'损益',0),(5711007,0,'无法收回的长期债券投资损失',5711,0,'损益',0),(5711008,0,'无法收回的长期股权投资损失',5711,0,'损益',0),(5711009,0,'自然灾害等不可抗力因素造成的损失',5711,0,'损益',0),(5711010,0,'税收滞纳金',5711,0,'损益',0),(5711011,0,'罚款支出',5711,0,'损益',0),(222100101,1,'进项税额',2221001,0,'负债',0),(222100102,1,'已交税金',2221001,0,'负债',0),(222100103,1,'转出未交增值税',2221001,0,'负债',0),(222100104,1,'减免税款',2221001,0,'负债',0),(222100105,1,'销项税额',2221001,0,'负债',0),(222100106,1,'出口退税',2221001,0,'负债',0),(222100107,1,'进项税额转出',2221001,0,'负债',0),(222100108,1,'出口抵减内销产品应纳税额',2221001,0,'负债',0),(222100109,1,'转出多交增值税',2221001,0,'负债',0),(222100110,1,'销项税额抵减',2221001,0,'负债',0);

#
# Structure for table "accountset"
#

CREATE TABLE `accountset` (
  `Id` int(11) NOT NULL AUTO_INCREMENT,
  `date` datetime DEFAULT NULL,
  `name` varchar(12) DEFAULT NULL,
  `period` int(11) DEFAULT '1',
  `place` varchar(20) DEFAULT NULL,
  `vat` tinyint(1) DEFAULT '0',
  `isdefault` tinyint(1) DEFAULT '0',
  `as` tinyint(1) NOT NULL DEFAULT '0',
  PRIMARY KEY (`Id`)
) ENGINE=InnoDB AUTO_INCREMENT=3 DEFAULT CHARSET=utf8;

#
# Data for table "accountset"
#

INSERT INTO `accountset` VALUES (1,'2017-03-03 00:00:00','账套一',3,'城区',0,1,0),(2,'2017-02-24 00:00:00','账套二',3,'郊区',1,0,1);

#
# Structure for table "current"
#

CREATE TABLE `current` (
  `id` int(11) NOT NULL AUTO_INCREMENT,
  `code` varchar(4) DEFAULT NULL,
  `name` varchar(12) DEFAULT NULL,
  `rate` float DEFAULT NULL,
  `standard` tinyint(1) DEFAULT '0',
  PRIMARY KEY (`id`)
) ENGINE=InnoDB AUTO_INCREMENT=3 DEFAULT CHARSET=utf8;

#
# Data for table "current"
#

INSERT INTO `current` VALUES (1,'RMB','人民币',1,1),(2,'USD','美元',6.864,0);

#
# Structure for table "cash"
#

CREATE TABLE `cash` (
  `id` int(11) NOT NULL AUTO_INCREMENT,
  `balance` double DEFAULT '0',
  `name` varchar(12) DEFAULT NULL,
  `accountingsubject_id` int(11) DEFAULT NULL,
  `current_id` int(11) DEFAULT NULL,
  PRIMARY KEY (`id`),
  KEY `FK_e2nf14bnyl2adig2rypg7tyru` (`accountingsubject_id`),
  KEY `FK_av3jfj5e9e0ihsur693pk491r` (`current_id`),
  CONSTRAINT `FK_av3jfj5e9e0ihsur693pk491r` FOREIGN KEY (`current_id`) REFERENCES `current` (`id`),
  CONSTRAINT `FK_e2nf14bnyl2adig2rypg7tyru` FOREIGN KEY (`accountingsubject_id`) REFERENCES `accountingsubject` (`id`)
) ENGINE=InnoDB AUTO_INCREMENT=3 DEFAULT CHARSET=utf8;

#
# Data for table "cash"
#

INSERT INTO `cash` VALUES (1,10000,'现金',1001,1),(2,0,'股票',1511,1);

#
# Structure for table "bank"
#

CREATE TABLE `bank` (
  `id` int(11) NOT NULL AUTO_INCREMENT,
  `balance` double DEFAULT '0',
  `bankAccount` varchar(19) DEFAULT NULL,
  `name` varchar(12) DEFAULT NULL,
  `accountingsubject_id` int(11) DEFAULT NULL,
  `current_id` int(11) DEFAULT NULL,
  PRIMARY KEY (`id`),
  KEY `FK_iu3f4kvjf3t18vejkp4rsheje` (`accountingsubject_id`),
  KEY `FK_5ekh6l9u1tubwpd1wgxdg7gug` (`current_id`),
  CONSTRAINT `FK_5ekh6l9u1tubwpd1wgxdg7gug` FOREIGN KEY (`current_id`) REFERENCES `current` (`id`),
  CONSTRAINT `FK_iu3f4kvjf3t18vejkp4rsheje` FOREIGN KEY (`accountingsubject_id`) REFERENCES `accountingsubject` (`id`)
) ENGINE=InnoDB AUTO_INCREMENT=2 DEFAULT CHARSET=utf8;

#
# Data for table "bank"
#

INSERT INTO `bank` VALUES (1,1000,'1111111111','银行',1002,1);

#
# Structure for table "ietype"
#

CREATE TABLE `ietype` (
  `id` int(11) NOT NULL AUTO_INCREMENT,
  `ie` bit(1) NOT NULL,
  `name` varchar(12) DEFAULT NULL,
  PRIMARY KEY (`id`)
) ENGINE=InnoDB AUTO_INCREMENT=5 DEFAULT CHARSET=utf8;

#
# Data for table "ietype"
#

INSERT INTO `ietype` VALUES (1,b'1','现金收入'),(2,b'1','销售收入'),(3,b'0','研发支出'),(4,b'0','渠道支出');

#
# Structure for table "bankjournal"
#

CREATE TABLE `bankjournal` (
  `id` int(11) NOT NULL AUTO_INCREMENT,
  `balance` double DEFAULT NULL,
  `date` date DEFAULT NULL,
  `description` varchar(12) DEFAULT NULL,
  `expenditure` double DEFAULT NULL,
  `income` double DEFAULT NULL,
  `optype` varchar(12) DEFAULT NULL,
  `paymentMethod` varchar(12) DEFAULT NULL,
  `receiptNumber` int(11) DEFAULT NULL,
  `bank_id` int(11) DEFAULT NULL,
  `ietype_id` int(11) DEFAULT NULL,
  `period` int(11) DEFAULT '1',
  `solved` tinyint(1) DEFAULT '0',
  `accountset_id` int(11) DEFAULT NULL,
  PRIMARY KEY (`id`),
  KEY `FK_5eqdqjwtp3xyuxwtwfrnpb16m` (`bank_id`),
  KEY `FK_g9ey4l2jgtssahktqxkufp5yj` (`ietype_id`),
  KEY `FK_3ueiyd1jbp3gbx1tg14wn6ap6` (`accountset_id`),
  CONSTRAINT `FK_3ueiyd1jbp3gbx1tg14wn6ap6` FOREIGN KEY (`accountset_id`) REFERENCES `accountset` (`Id`),
  CONSTRAINT `FK_5eqdqjwtp3xyuxwtwfrnpb16m` FOREIGN KEY (`bank_id`) REFERENCES `bank` (`id`),
  CONSTRAINT `FK_g9ey4l2jgtssahktqxkufp5yj` FOREIGN KEY (`ietype_id`) REFERENCES `ietype` (`id`)
) ENGINE=InnoDB AUTO_INCREMENT=2 DEFAULT CHARSET=utf8;

#
# Data for table "bankjournal"
#

INSERT INTO `bankjournal` VALUES (1,0,'2017-02-24','bank1',0,2000,NULL,NULL,0,1,1,1,0,1);

#
# Structure for table "journal"
#

CREATE TABLE `journal` (
  `id` int(11) NOT NULL AUTO_INCREMENT,
  `date` date DEFAULT NULL,
  `description` varchar(12) DEFAULT NULL,
  `expenditure` double DEFAULT NULL,
  `income` double DEFAULT NULL,
  `optype` varchar(12) DEFAULT NULL,
  `paymentMethod` varchar(12) DEFAULT NULL,
  `receiptNumber` int(11) DEFAULT NULL,
  `cash_id` int(11) DEFAULT NULL,
  `ietype_id` int(11) DEFAULT NULL,
  `period` int(11) DEFAULT '1',
  `solved` tinyint(1) DEFAULT '0',
  `accountset_id` int(11) DEFAULT NULL,
  PRIMARY KEY (`id`),
  KEY `FK_13qvje9hu89ukb7oxir1hsshk` (`cash_id`),
  KEY `FK_bdt8j2934vuysjoh2u8hxs4yl` (`ietype_id`),
  KEY `FK_aiawad0aqgjgw244654xfuuke` (`accountset_id`),
  CONSTRAINT `FK_13qvje9hu89ukb7oxir1hsshk` FOREIGN KEY (`cash_id`) REFERENCES `cash` (`id`),
  CONSTRAINT `FK_aiawad0aqgjgw244654xfuuke` FOREIGN KEY (`accountset_id`) REFERENCES `accountset` (`Id`),
  CONSTRAINT `FK_bdt8j2934vuysjoh2u8hxs4yl` FOREIGN KEY (`ietype_id`) REFERENCES `ietype` (`id`)
) ENGINE=InnoDB AUTO_INCREMENT=7 DEFAULT CHARSET=utf8;

#
# Data for table "journal"
#

INSERT INTO `journal` VALUES (1,'2017-02-23','试算',0,1000,NULL,NULL,0,1,1,1,0,1),(2,'2017-02-23','神曲',0,2000,NULL,NULL,0,1,1,1,0,1),(3,'2017-02-22','首胜',2000,0,NULL,NULL,0,1,3,1,0,1),(5,'2017-02-23','2',5,0,NULL,NULL,0,1,4,1,0,1),(6,'2017-02-24','5',0,20,NULL,NULL,0,1,1,1,0,1);

#
# Structure for table "role"
#

CREATE TABLE `role` (
  `id` int(11) NOT NULL AUTO_INCREMENT,
  `rolename` varchar(20) DEFAULT NULL,
  `level` int(11) DEFAULT NULL,
  PRIMARY KEY (`id`)
) ENGINE=InnoDB AUTO_INCREMENT=6 DEFAULT CHARSET=utf8;

#
# Data for table "role"
#

INSERT INTO `role` VALUES (1,'管理员',5),(2,'主管',4),(3,'制单人',3),(4,'出纳',2),(5,'查看',1);

#
# Structure for table "user"
#

CREATE TABLE `user` (
  `id` int(11) NOT NULL AUTO_INCREMENT,
  `email` varchar(32) DEFAULT NULL,
  `password` varchar(32) DEFAULT NULL,
  `tel` varchar(32) DEFAULT NULL,
  `userName` varchar(32) DEFAULT NULL,
  `role_id` int(11) DEFAULT NULL,
  PRIMARY KEY (`id`),
  UNIQUE KEY `UK_4bakctviobmdk6ddh2nwg08c2` (`userName`),
  KEY `FK_qleu8ddawkdltal07p8e6hgva` (`role_id`),
  CONSTRAINT `FK_qleu8ddawkdltal07p8e6hgva` FOREIGN KEY (`role_id`) REFERENCES `role` (`id`)
) ENGINE=InnoDB AUTO_INCREMENT=6 DEFAULT CHARSET=utf8;

#
# Data for table "user"
#

INSERT INTO `user` VALUES (1,'1@163.com','1','123456','用户1',1),(2,'2@163.com','2','123','用户2',2),(3,'3@163.com','3','12','用户3',3),(4,'4@163.com','4','11','用户4',4),(5,'5@163.com','5','1','用户5',5);

#
# Structure for table "log"
#

CREATE TABLE `log` (
  `logid` int(11) NOT NULL AUTO_INCREMENT,
  `content` varchar(32) DEFAULT NULL,
  `date` datetime DEFAULT NULL,
  `modual` varchar(10) DEFAULT NULL,
  `type` varchar(10) DEFAULT NULL,
  `user_id` int(11) DEFAULT NULL,
  PRIMARY KEY (`logid`),
  KEY `FK_tn5sbw0j15ycavkleayhcrvxd` (`user_id`),
  CONSTRAINT `FK_tn5sbw0j15ycavkleayhcrvxd` FOREIGN KEY (`user_id`) REFERENCES `user` (`id`)
) ENGINE=InnoDB AUTO_INCREMENT=293 DEFAULT CHARSET=utf8;

#
# Data for table "log"
#

INSERT INTO `log` VALUES (1,'用户登录','2017-02-18 14:23:47','基础模块/首页','正常',1),(2,'日志管理','2017-02-18 14:23:55','设置/日志管理','正常',1),(3,'查询','2017-02-18 14:24:03','设置/会计科目','正常',1),(4,'查询','2017-02-18 14:24:12','设置/凭证字','正常',1),(5,'查询币别','2017-02-18 14:24:22','设置/币别','正常',1),(6,'to新增','2017-02-18 14:24:27','设置/币别','正常',1),(7,'to新增','2017-02-18 14:24:46','设置/币别','正常',1),(8,'新增','2017-02-18 14:25:02','设置/币别','异常',1),(9,'新增','2017-02-18 14:27:51','设置/币别','异常',1),(10,'to新增','2017-02-18 14:27:54','设置/币别','正常',1),(11,'to新增','2017-02-18 14:28:39','设置/币别','正常',1),(12,'新增','2017-02-18 14:28:52','设置/币别','异常',1),(13,'查询币别','2017-02-18 14:34:45','设置/币别','正常',1),(14,'to新增','2017-02-18 14:34:47','设置/币别','正常',1),(15,'新增','2017-02-18 14:34:58','设置/币别','异常',1),(16,'新增','2017-02-18 14:37:04','设置/币别','正常',1),(17,'to新增','2017-02-18 14:37:10','设置/币别','正常',1),(18,'新增','2017-02-18 14:37:59','设置/币别','正常',1),(19,'查询','2017-02-18 14:38:20','设置/会计科目','正常',1),(20,'查询','2017-02-18 14:38:27','设置/凭证字','正常',1),(21,'to增加凭证','2017-02-18 14:38:48','凭证/to增加凭证','正常',1),(22,'to增加凭证','2017-02-18 14:44:11','凭证/to增加凭证','正常',1),(23,'to增加凭证','2017-02-18 14:45:51','凭证/to增加凭证','正常',1),(24,'to增加凭证','2017-02-18 14:49:21','凭证/to增加凭证','正常',1),(25,'to增加凭证','2017-02-18 14:51:05','凭证/to增加凭证','正常',1),(26,'to增加凭证','2017-02-18 14:52:09','凭证/to增加凭证','正常',1),(27,'to增加凭证','2017-02-18 14:53:05','凭证/to增加凭证','正常',1),(28,'to增加凭证','2017-02-18 15:00:31','凭证/to增加凭证','正常',1),(29,'to增加凭证','2017-02-18 15:03:05','凭证/to增加凭证','正常',1),(30,'增加凭证','2017-02-18 15:03:34','凭证/增加凭证','正常',1),(31,'to增加凭证','2017-02-18 15:03:34','凭证/to增加凭证','正常',1),(32,'to修改凭证','2017-02-18 15:03:43','凭证/to修改凭证','正常',1),(33,'查看','2017-02-18 15:04:19','出纳/银行日记账','正常',1),(34,'查询币别','2017-02-18 15:07:40','设置/币别','正常',1),(35,'查看','2017-02-20 08:17:41','出纳/现金日记账','正常',1),(37,'查看','2017-02-20 08:17:42','出纳/现金日记账','异常',1),(38,'查看','2017-02-20 08:20:01','出纳/现金日记账','正常',1),(39,'to增加凭证','2017-02-20 08:20:37','凭证/to增加凭证','正常',1),(40,'查看','2017-02-20 08:20:45','出纳/现金日记账','正常',1),(41,'查看','2017-02-20 08:20:48','出纳/银行日记账','正常',1),(42,'查看','2017-02-20 08:20:54','出纳/账户设置','正常',1),(43,'查看','2017-02-20 08:21:02','出纳/银行日记账','正常',1),(44,'查看','2017-02-20 08:21:10','出纳/账户设置','正常',1),(45,'to增加银行','2017-02-20 08:21:19','出纳/账户设置','正常',1),(46,'增加银行','2017-02-20 08:21:35','出纳/账户设置','正常',1),(47,'查看','2017-02-20 08:21:35','出纳/账户设置','正常',1),(48,'查看','2017-02-20 08:21:42','出纳/银行日记账','正常',1),(49,'查看','2017-02-20 08:21:56','出纳/收支类别','正常',1),(50,'to增加','2017-02-20 08:22:00','出纳/收支类别','正常',1),(51,'增加','2017-02-20 08:22:14','出纳/收支类别','正常',1),(52,'查看','2017-02-20 08:22:14','出纳/收支类别','正常',1),(53,'to增加','2017-02-20 08:22:17','出纳/收支类别','正常',1),(54,'增加','2017-02-20 08:22:30','出纳/收支类别','正常',1),(55,'查看','2017-02-20 08:22:30','出纳/收支类别','正常',1),(56,'to增加','2017-02-20 08:22:34','出纳/收支类别','正常',1),(57,'增加','2017-02-20 08:22:45','出纳/收支类别','正常',1),(58,'查看','2017-02-20 08:22:45','出纳/收支类别','正常',1),(59,'to增加','2017-02-20 08:22:47','出纳/收支类别','正常',1),(60,'增加','2017-02-20 08:23:02','出纳/收支类别','正常',1),(61,'查看','2017-02-20 08:23:02','出纳/收支类别','正常',1),(62,'查看','2017-02-20 08:23:33','出纳/现金日记账','正常',1),(63,'日志管理','2017-02-20 08:23:51','设置/日志管理','正常',1),(64,'查看','2017-02-20 14:26:14','出纳/现金日记账','正常',1),(65,'日志管理','2017-02-20 14:26:28','设置/日志管理','正常',1),(66,'日志管理','2017-02-20 14:26:35','设置/日志管理','正常',2),(67,'日志管理','2017-02-20 14:26:40','设置/日志管理','正常',3),(68,'日志管理','2017-02-20 14:27:37','设置/日志管理','正常',3),(70,'日志管理','2017-02-20 14:40:49','设置/日志管理','正常',3),(72,'日志管理','2017-02-20 14:40:54','设置/日志管理','正常',3),(73,'日志管理','2017-02-20 14:43:33','设置/日志管理','正常',3),(74,'日志管理','2017-02-20 14:46:07','设置/日志管理','正常',3),(75,'日志管理','2017-02-20 14:47:57','设置/日志管理','正常',3),(76,'日志管理','2017-02-20 14:49:46','设置/日志管理','正常',2),(77,'日志管理','2017-02-20 14:49:52','设置/日志管理','正常',3),(78,'日志管理','2017-02-20 14:52:12','设置/日志管理','正常',3),(79,'日志管理','2017-02-20 14:52:32','设置/日志管理','正常',3),(80,'日志管理','2017-02-20 14:52:47','设置/日志管理','正常',3),(81,'日志管理','2017-02-20 14:52:53','设置/日志管理','正常',2),(82,'日志管理','2017-02-20 15:06:04','设置/日志管理','正常',3),(83,'日志管理','2017-02-20 15:06:13','设置/日志管理','正常',4),(84,'日志管理','2017-02-20 15:06:17','设置/日志管理','正常',2),(85,'to增加凭证','2017-02-20 15:06:23','凭证/to增加凭证','正常',2),(86,'to增加凭证','2017-02-20 15:06:28','凭证/to增加凭证','正常',3),(87,'to增加凭证','2017-02-20 15:06:32','凭证/to增加凭证','正常',4),(88,'查看','2017-02-20 15:06:40','出纳/现金日记账','正常',3),(89,'查看','2017-02-20 15:06:46','出纳/现金日记账','正常',4),(90,'查看','2017-02-20 15:06:50','出纳/现金日记账','正常',5),(91,'查看','2017-02-20 15:08:38','出纳/现金日记账','正常',5),(92,'查看','2017-02-20 15:08:59','出纳/现金日记账','正常',5),(93,'查看','2017-02-20 15:09:47','出纳/现金日记账','正常',5),(94,'日志管理','2017-02-23 10:36:06','设置/日志管理','正常',3),(95,'日志管理','2017-02-23 10:36:16','设置/日志管理','正常',1),(96,'日志管理','2017-02-23 10:39:47','设置/日志管理','正常',1),(97,'日志管理','2017-02-23 10:39:59','设置/日志管理','正常',3),(98,'查看','2017-02-23 10:40:11','出纳/资金报表','正常',3),(99,'查看','2017-02-23 10:44:49','出纳/资金报表','正常',1),(100,'查看','2017-02-23 11:11:17','出纳/资金报表','正常',1),(101,'查看','2017-02-23 11:12:46','出纳/资金报表','正常',1),(102,'查看','2017-02-23 11:13:09','出纳/资金报表','正常',1),(103,'查看','2017-02-23 11:13:17','出纳/资金报表','正常',1),(104,'查看','2017-02-23 11:14:25','出纳/资金报表','正常',1),(105,'查看','2017-02-23 11:14:28','出纳/资金报表','正常',1),(106,'查看','2017-02-23 11:14:58','出纳/资金报表','正常',1),(107,'查看','2017-02-23 11:21:10','出纳/资金报表','正常',1),(108,'查看','2017-02-23 11:23:32','出纳/资金报表','正常',1),(109,'查看','2017-02-23 11:26:12','出纳/资金报表','正常',1),(110,'查看','2017-02-23 11:32:55','出纳/资金报表','正常',1),(111,'查看','2017-02-23 11:42:36','出纳/资金报表','正常',1),(112,'查看','2017-02-23 16:43:42','出纳/资金报表','正常',1),(113,'查看','2017-02-23 16:46:32','出纳/资金报表','正常',1),(114,'查看','2017-02-23 16:48:20','出纳/资金报表','正常',1),(115,'查看','2017-02-23 16:49:16','出纳/资金报表','正常',1),(116,'查看','2017-02-23 16:49:51','出纳/资金报表','正常',1),(117,'查看','2017-02-23 16:51:28','出纳/资金报表','正常',1),(118,'查看','2017-02-23 16:51:43','出纳/现金日记账','正常',1),(119,'查看','2017-02-23 16:54:06','出纳/现金日记账','正常',1),(120,'查看','2017-02-23 17:25:20','出纳/现金日记账','正常',1),(121,'查看','2017-02-23 17:57:06','出纳/现金日记账','正常',1),(122,'查看','2017-02-23 17:59:56','出纳/现金日记账','正常',1),(123,'查看','2017-02-23 18:03:37','出纳/现金日记账','正常',1),(124,'查看','2017-02-23 18:05:13','出纳/现金日记账','正常',1),(125,'查看','2017-02-24 15:01:14','出纳/现金日记账','正常',1),(126,'查看','2017-02-24 15:07:07','出纳/现金日记账','正常',1),(127,'日志管理','2017-02-24 15:08:36','设置/日志管理','正常',3),(128,'日志管理','2017-02-24 15:08:40','设置/日志管理','正常',1),(129,'查看','2017-02-24 15:09:23','出纳/现金日记账','正常',1),(130,'查看','2017-02-24 15:09:28','出纳/银行日记账','正常',1),(131,'查看','2017-02-24 15:10:12','出纳/银行日记账','正常',2),(132,'查看','2017-02-24 15:10:20','出纳/银行日记账','正常',3),(133,'查看','2017-02-24 15:10:26','出纳/银行日记账','正常',4),(134,'查看','2017-02-24 15:10:30','出纳/银行日记账','正常',5),(135,'查看','2017-02-24 15:10:45','出纳/银行日记账','正常',1),(136,'查看','2017-02-24 15:10:55','出纳/资金报表','正常',1),(137,'查看','2017-02-24 15:11:19','出纳/银行日记账','正常',1),(138,'查看','2017-02-24 15:11:29','出纳/资金报表','正常',1),(139,'查看','2017-02-24 15:14:26','出纳/资金报表','正常',1),(140,'查看','2017-02-24 15:17:15','出纳/资金报表','正常',1),(141,'查看','2017-02-24 15:17:35','出纳/现金日记账','正常',1),(142,'查看','2017-02-24 15:17:50','出纳/资金报表','正常',1),(143,'查看','2017-02-24 15:18:04','出纳/现金日记账','正常',1),(144,'查看','2017-02-24 15:18:25','出纳/资金报表','正常',1),(145,'查看','2017-02-24 15:24:42','出纳/资金报表','正常',1),(146,'查看','2017-02-24 15:49:53','出纳/资金报表','正常',1),(147,'查看','2017-02-24 15:50:09','出纳/现金日记账','正常',1),(148,'查看','2017-02-24 15:50:26','出纳/银行日记账','正常',1),(149,'查看','2017-02-24 15:50:35','出纳/资金报表','正常',1),(150,'查看','2017-02-24 15:54:52','出纳/资金报表','正常',1),(151,'查看','2017-02-24 16:05:41','出纳/资金报表','正常',1),(152,'查看','2017-02-24 16:08:15','出纳/资金报表','正常',1),(153,'查看','2017-02-24 16:19:25','出纳/资金报表','正常',1),(154,'查看','2017-02-24 16:20:59','出纳/资金报表','正常',1),(155,'查看','2017-02-24 16:28:58','出纳/资金报表','正常',1),(156,'查看','2017-02-24 16:29:28','出纳/资金报表','正常',1),(157,'查看','2017-02-24 16:32:01','出纳/资金报表','正常',1),(158,'查看','2017-02-24 16:39:27','出纳/资金报表','正常',1),(159,'查看','2017-02-24 16:45:06','出纳/资金报表','正常',1),(160,'查看','2017-02-24 16:46:44','出纳/资金报表','正常',1),(161,'查看','2017-02-24 16:50:32','出纳/资金报表','正常',1),(162,'查看','2017-02-24 17:35:41','出纳/资金报表','正常',1),(163,'查看','2017-02-24 17:36:37','出纳/资金报表','异常',1),(164,'查看','2017-02-24 17:39:31','出纳/资金报表','正常',1),(165,'to增加凭证','2017-02-24 17:39:50','凭证/to增加凭证','正常',1),(166,'to增加凭证','2017-02-24 17:40:42','凭证/to增加凭证','正常',1),(167,'to增加凭证','2017-02-24 17:42:11','凭证/to增加凭证','正常',1),(168,'to增加凭证','2017-02-24 17:44:58','凭证/to增加凭证','正常',1),(169,'查看','2017-02-24 17:45:24','出纳/现金日记账','正常',1),(170,'查看','2017-02-24 17:45:32','出纳/银行日记账','正常',1),(171,'to增加凭证','2017-02-24 17:45:41','凭证/to增加凭证','正常',1),(172,'to修改凭证','2017-02-24 17:47:43','凭证/to修改凭证','正常',1),(173,'日志管理','2017-02-28 18:17:31','设置/日志管理','正常',1),(174,'to增加凭证','2017-02-28 18:17:52','凭证/to增加凭证','正常',1),(175,'to增加凭证','2017-02-28 18:19:01','凭证/to增加凭证','正常',1),(176,'to增加凭证','2017-02-28 18:20:08','凭证/to增加凭证','正常',1),(177,'to增加凭证','2017-02-28 18:22:58','凭证/to增加凭证','正常',1),(178,'to增加凭证','2017-02-28 18:24:13','凭证/to增加凭证','正常',1),(179,'to增加凭证','2017-02-28 18:24:31','凭证/to增加凭证','正常',1),(180,'增加凭证','2017-02-28 18:24:49','凭证/增加凭证','正常',1),(181,'to增加凭证','2017-02-28 18:24:49','凭证/to增加凭证','正常',1),(182,'to修改凭证','2017-02-28 18:25:18','凭证/to修改凭证','正常',1),(183,'修改凭证','2017-02-28 18:25:34','凭证/修改凭证','异常',1),(184,'修改凭证','2017-02-28 18:29:44','凭证/修改凭证','正常',1),(185,'to增加凭证','2017-02-28 18:34:41','凭证/to增加凭证','正常',1),(186,'to修改凭证','2017-02-28 18:35:56','凭证/to修改凭证','正常',1),(187,'to修改凭证','2017-02-28 18:38:57','凭证/to修改凭证','正常',1),(188,'修改凭证','2017-02-28 18:39:02','凭证/修改凭证','正常',1),(189,'to修改凭证','2017-02-28 18:39:05','凭证/to修改凭证','正常',1),(190,'修改凭证','2017-02-28 18:39:19','凭证/修改凭证','正常',1),(191,'to修改凭证','2017-02-28 18:39:23','凭证/to修改凭证','正常',1),(192,'修改凭证','2017-02-28 18:39:34','凭证/修改凭证','正常',1),(193,'to修改凭证','2017-02-28 18:40:24','凭证/to修改凭证','正常',1),(194,'修改凭证','2017-02-28 18:40:43','凭证/修改凭证','正常',1),(195,'to修改凭证','2017-02-28 18:44:18','凭证/to修改凭证','正常',1),(196,'to修改凭证','2017-02-28 18:44:45','凭证/to修改凭证','正常',1),(197,'to修改凭证','2017-02-28 18:45:39','凭证/to修改凭证','正常',1),(198,'修改凭证','2017-02-28 18:45:45','凭证/修改凭证','正常',1),(199,'to修改凭证','2017-02-28 18:45:49','凭证/to修改凭证','正常',1),(200,'修改凭证','2017-02-28 18:45:56','凭证/修改凭证','正常',1),(201,'to修改凭证','2017-02-28 18:46:02','凭证/to修改凭证','正常',1),(202,'修改凭证','2017-02-28 18:46:51','凭证/修改凭证','正常',1),(203,'to修改凭证','2017-02-28 18:46:55','凭证/to修改凭证','正常',1),(204,'修改凭证','2017-02-28 18:47:05','凭证/修改凭证','正常',1),(205,'to修改凭证','2017-02-28 18:47:08','凭证/to修改凭证','正常',1),(206,'to修改凭证','2017-02-28 18:53:46','凭证/to修改凭证','正常',1),(207,'修改凭证','2017-02-28 18:53:59','凭证/修改凭证','正常',1),(208,'to修改凭证','2017-02-28 18:54:21','凭证/to修改凭证','正常',1),(209,'to修改凭证','2017-02-28 18:59:42','凭证/to修改凭证','正常',1),(210,'to修改凭证','2017-02-28 19:17:01','凭证/to修改凭证','正常',1),(211,'查看','2017-02-28 19:17:51','出纳/现金日记账','正常',1),(212,'to修改凭证','2017-02-28 19:21:35','凭证/to修改凭证','正常',1),(213,'修改凭证','2017-02-28 19:21:48','凭证/修改凭证','正常',1),(214,'to修改凭证','2017-02-28 19:24:35','凭证/to修改凭证','正常',1),(215,'修改凭证','2017-02-28 19:24:41','凭证/修改凭证','正常',1),(216,'to修改凭证','2017-02-28 19:25:48','凭证/to修改凭证','正常',1),(217,'修改凭证','2017-02-28 19:25:54','凭证/修改凭证','正常',1),(218,'to修改凭证','2017-02-28 19:28:29','凭证/to修改凭证','正常',1),(219,'修改凭证','2017-02-28 19:28:42','凭证/修改凭证','异常',1),(220,'修改凭证','2017-02-28 19:37:39','凭证/修改凭证','正常',1),(221,'to修改凭证','2017-02-28 19:38:32','凭证/to修改凭证','正常',1),(222,'修改凭证','2017-02-28 19:38:42','凭证/修改凭证','正常',1),(224,'to修改凭证','2017-02-28 19:41:29','凭证/to修改凭证','正常',1),(225,'to修改凭证','2017-02-28 19:41:29','凭证/to修改凭证','异常',1),(226,'修改凭证','2017-02-28 19:41:40','凭证/修改凭证','正常',1),(227,'to修改凭证','2017-02-28 19:42:28','凭证/to修改凭证','正常',1),(228,'to增加凭证','2017-02-28 19:44:26','凭证/to增加凭证','正常',1),(229,'to增加凭证','2017-02-28 20:32:12','凭证/to增加凭证','正常',1),(230,'to修改凭证','2017-02-28 20:32:18','凭证/to修改凭证','正常',1),(231,'修改凭证','2017-02-28 20:32:27','凭证/修改凭证','正常',1),(232,'查看','2017-02-28 20:46:16','出纳/资金报表','正常',1),(233,'日志管理','2017-03-02 16:19:27','设置/日志管理','正常',1),(234,'日志管理','2017-03-02 16:19:48','设置/日志管理','正常',1),(235,'日志管理','2017-03-02 16:20:38','设置/日志管理','正常',1),(236,'日志管理','2017-03-02 16:21:02','设置/日志管理','正常',1),(237,'日志管理','2017-03-02 16:21:47','设置/日志管理','正常',1),(238,'日志管理','2017-03-02 16:23:07','设置/日志管理','正常',1),(239,'日志管理','2017-03-02 16:23:25','设置/日志管理','正常',1),(240,'日志管理','2017-03-02 16:30:03','设置/日志管理','正常',1),(241,'日志管理','2017-03-02 16:31:04','设置/日志管理','正常',1),(242,'日志管理','2017-03-02 16:31:23','设置/日志管理','正常',1),(243,'日志管理','2017-03-02 16:31:37','设置/日志管理','正常',1),(244,'日志管理','2017-03-02 16:31:59','设置/日志管理','正常',1),(245,'日志管理','2017-03-02 16:32:47','设置/日志管理','正常',1),(246,'日志管理','2017-03-03 16:13:32','设置/日志管理','正常',1),(247,'日志管理','2017-03-03 16:19:13','设置/日志管理','正常',1),(248,'日志管理','2017-03-03 16:51:48','设置/日志管理','正常',1),(249,'日志管理','2017-03-03 16:52:27','设置/日志管理','正常',1),(250,'日志管理','2017-03-03 16:54:10','设置/日志管理','正常',1),(251,'日志管理','2017-03-03 16:54:23','设置/日志管理','正常',1),(252,'日志管理','2017-03-03 16:55:55','设置/日志管理','正常',1),(253,'日志管理','2017-03-03 16:58:01','设置/日志管理','正常',1),(254,'日志管理','2017-03-03 16:59:32','设置/日志管理','正常',1),(255,'to增加凭证','2017-03-03 17:19:12','凭证/to增加凭证','正常',1),(256,'查看','2017-03-03 17:19:47','出纳/现金日记账','正常',1),(257,'查看','2017-03-03 17:19:53','出纳/银行日记账','正常',1),(258,'to增加凭证','2017-03-03 18:08:36','凭证/to增加凭证','正常',1),(259,'to增加凭证','2017-03-03 18:10:22','凭证/to增加凭证','正常',1),(260,'to增加凭证','2017-03-03 18:13:02','凭证/to增加凭证','正常',1),(261,'to增加凭证','2017-03-03 18:16:53','凭证/to增加凭证','正常',1),(262,'to增加凭证','2017-03-03 18:20:54','凭证/to增加凭证','正常',1),(263,'to增加凭证','2017-03-03 18:24:05','凭证/to增加凭证','正常',1),(264,'增加凭证','2017-03-03 18:24:29','凭证/增加凭证','正常',1),(265,'to增加凭证','2017-03-03 18:24:30','凭证/to增加凭证','正常',1),(266,'to增加凭证','2017-03-03 18:25:45','凭证/to增加凭证','正常',1),(267,'查看','2017-03-03 18:25:53','出纳/现金日记账','正常',1),(268,'搜索','2017-03-03 18:28:44','出纳/现金日记账','正常',1),(269,'查看','2017-03-03 18:28:52','出纳/资金报表','正常',1),(270,'查看','2017-03-03 18:29:03','出纳/现金日记账','正常',1),(271,'查看','2017-03-03 18:29:12','出纳/银行日记账','正常',1),(272,'查看','2017-03-03 18:29:14','出纳/现金日记账','正常',1),(273,'日志管理','2017-03-07 16:01:05','设置/日志管理','正常',1),(274,'日志管理','2017-03-07 16:02:05','设置/日志管理','正常',1),(275,'查看','2017-03-07 16:02:26','设置/账套','正常',1),(276,'查看','2017-03-07 16:03:19','设置/权限控制','正常',1),(277,'查看','2017-03-07 16:07:01','设置/权限控制','正常',1),(278,'查看','2017-03-07 16:08:50','设置/权限控制','正常',1),(279,'查看','2017-03-07 16:09:33','设置/权限控制','正常',1),(280,'查看','2017-03-07 16:10:18','设置/账套','正常',1),(281,'查看','2017-03-07 16:10:47','设置/账套','正常',1),(282,'查看','2017-03-07 16:10:51','设置/权限控制','正常',1),(283,'查看','2017-03-07 16:12:10','设置/账套','正常',1),(284,'查看','2017-03-07 16:13:36','设置/账套','正常',1),(285,'查看','2017-03-07 16:14:04','设置/账套','正常',1),(286,'查看','2017-03-07 16:14:33','设置/账套','正常',1),(287,'查看','2017-03-07 16:14:36','设置/账套','正常',1),(288,'查看','2017-03-07 16:14:39','设置/账套','正常',1),(289,'查看','2017-03-07 16:15:02','设置/账套','正常',1),(290,'查看','2017-03-07 16:15:59','设置/账套','正常',1),(291,'查看','2017-03-07 16:16:18','设置/权限控制','正常',1),(292,'查看','2017-03-07 16:32:03','设置/账套','正常',1);

#
# Structure for table "vouchergroup"
#

CREATE TABLE `vouchergroup` (
  `id` int(11) NOT NULL AUTO_INCREMENT,
  `isdefault` bit(1) NOT NULL,
  `name` varchar(4) DEFAULT NULL,
  `title` varchar(16) DEFAULT NULL,
  PRIMARY KEY (`id`)
) ENGINE=InnoDB AUTO_INCREMENT=5 DEFAULT CHARSET=utf8;

#
# Data for table "vouchergroup"
#

INSERT INTO `vouchergroup` VALUES (1,b'1','记','记账凭证'),(2,b'0','收','收账凭证'),(3,b'0','付','付款凭证'),(4,b'0','转','转账凭证');

#
# Structure for table "voucher"
#

CREATE TABLE `voucher` (
  `id` int(11) NOT NULL AUTO_INCREMENT,
  `date` datetime DEFAULT NULL,
  `period` int(11) DEFAULT NULL,
  `poststatus` tinyint(1) DEFAULT '0',
  `total` double DEFAULT NULL,
  `vchnum` int(11) DEFAULT NULL,
  `voucherstatus` tinyint(1) DEFAULT '0',
  `user_id` int(11) DEFAULT NULL,
  `vouchergroup_id` int(11) DEFAULT NULL,
  `checked` tinyint(1) DEFAULT '0',
  `accountingbook_id` int(11) DEFAULT NULL,
  `accountset_id` int(11) DEFAULT NULL,
  `solved` tinyint(1) DEFAULT '0',
  PRIMARY KEY (`id`),
  KEY `FK_7qyu0w8ch3kflmcgsrwc5w78s` (`user_id`),
  KEY `FK_s5uyi6wprtt9dke6fb7w76opp` (`vouchergroup_id`),
  KEY `FK_8io13tacei2e4x0oskynyt00e` (`accountset_id`),
  CONSTRAINT `FK_7qyu0w8ch3kflmcgsrwc5w78s` FOREIGN KEY (`user_id`) REFERENCES `user` (`id`),
  CONSTRAINT `FK_8io13tacei2e4x0oskynyt00e` FOREIGN KEY (`accountset_id`) REFERENCES `accountset` (`Id`),
  CONSTRAINT `FK_s5uyi6wprtt9dke6fb7w76opp` FOREIGN KEY (`vouchergroup_id`) REFERENCES `vouchergroup` (`id`)
) ENGINE=InnoDB AUTO_INCREMENT=4 DEFAULT CHARSET=utf8;

#
# Data for table "voucher"
#

INSERT INTO `voucher` VALUES (1,'2017-02-18 01:05:00',201702,0,1000,1,0,1,1,0,NULL,1,0),(2,'2017-02-28 18:24:00',201702,0,3000,2,0,1,1,0,NULL,1,0),(3,'2017-03-03 18:24:00',201703,0,100,3,0,1,1,0,NULL,1,0);

#
# Structure for table "vouchercore"
#

CREATE TABLE `vouchercore` (
  `id` int(11) NOT NULL AUTO_INCREMENT,
  `credits` double DEFAULT NULL,
  `debits` double DEFAULT NULL,
  `summary` varchar(10) DEFAULT NULL,
  `accountingsubject_id` int(11) DEFAULT NULL,
  `voucher_id` int(11) DEFAULT NULL,
  PRIMARY KEY (`id`),
  KEY `FK_ouifchrju9a7i2g6rjl6fl88w` (`accountingsubject_id`),
  KEY `FK_g9avc0olj74ct5qui38l07jng` (`voucher_id`),
  CONSTRAINT `FK_g9avc0olj74ct5qui38l07jng` FOREIGN KEY (`voucher_id`) REFERENCES `voucher` (`id`),
  CONSTRAINT `FK_ouifchrju9a7i2g6rjl6fl88w` FOREIGN KEY (`accountingsubject_id`) REFERENCES `accountingsubject` (`id`)
) ENGINE=InnoDB AUTO_INCREMENT=33 DEFAULT CHARSET=utf8;

#
# Data for table "vouchercore"
#

INSERT INTO `vouchercore` VALUES (1,0,1000,'上课',1001,1),(2,1000,0,'上课',1002,1),(29,0,3000,'1',1001,2),(30,3000,0,'2',1002,2),(31,0,100,'111',1001,3),(32,100,0,'111',1002,3);
